STEP,CHECKPOINT,BLOCK,ADDRESS,OFFSET,VALUE,MASK,NAME,PURPOSE
0001,D8M3-A0,PHY,0x00994564,0x164,0x0000001d,0x000000ff,DL0_REGULATOR_CTRL,Data lane 0 LDO bias
0002,D8M3-A0,PHY,0x009945e4,0x1e4,0x0000001d,0x000000ff,DL1_REGULATOR_CTRL,Data lane 1 LDO bias
0003,D8M3-A0,PHY,0x00994664,0x264,0x0000001d,0x000000ff,DL2_REGULATOR_CTRL,Data lane 2 LDO bias
0004,D8M3-A0,PHY,0x009946e4,0x2e4,0x0000001d,0x000000ff,DL3_REGULATOR_CTRL,Data lane 3 LDO bias
0005,D8M3-A0,PHY,0x00994764,0x364,0x0000001d,0x000000ff,CLK_REGULATOR_CTRL,Clock lane LDO bias
0006,D8M3-A0,DSI_CTRL,0x0099412c,0x12c,0x00000001,0x00000001,DSI_PHY_SW_RESET,Assert PHY soft reset
0007,D8M3-A0,DSI_CTRL,0x0099412c,0x12c,0x00000000,0x00000001,DSI_PHY_SW_RESET,Deassert PHY soft reset
0008,D8M3-20,PHY,0x0099444c,0x04c,0x00000001,0x000000ff,PHY_CMN_CLK_CFG1,Post-N1 divider = 2
0009,D8M3-30,PHY,0x00994448,0x048,0x00000000,0x000000ff,PHY_CMN_CLK_CFG0,Clear ext clk override
0010,D8M3-30,PLL,0x00994800,0x000,0x00000004,0x000000ff,PLL_SYSCLK_EN_RESET,Sysclk enable & reset
0011,D8M3-30,PLL,0x00994804,0x004,0x00000007,0x000000ff,PLL_TXCLK_EN,Enable Tx clock channels
0012,D8M3-30,PLL,0x00994810,0x010,0x00000005,0x000000ff,PLL_RESETSM_CNTRL3,Reset SM control 3
0013,D8M3-30,PLL,0x00994828,0x028,0x00000020,0x000000ff,PLL_RESETSM_CNTRL,Reset SM counter initial
0014,D8M3-30,PLL,0x0099482c,0x02c,0x00000000,0x000000ff,PLL_BKUP_CTRL,Clear backup control
0015,D8M3-30,PLL,0x00994830,0x030,0x00000038,0x000000ff,PLL_KVCO_DIV_REF1,Kvco divider reference 1
0016,D8M3-30,PLL,0x0099483c,0x03c,0x00000057,0x000000ff,PLL_PLLLOCK_CMP1,Lock cmp low byte (0x957)
0017,D8M3-30,PLL,0x00994840,0x040,0x00000009,0x000000ff,PLL_PLLLOCK_CMP2,Lock cmp high byte (0x957)
0018,D8M3-30,PLL,0x00994844,0x044,0x00000000,0x000000ff,PLL_PLLLOCK_CMP3,Lock cmp upper byte
0019,D8M3-30,PLL,0x00994848,0x048,0x00000001,0x000000ff,PLL_PLLLOCK_CMP_EN,Enable lock comparison
0020,D8M3-30,PLL,0x0099484c,0x04c,0x00000019,0x000000ff,PLL_PLL_LOCK_MIN_DELAY,Min lock delay cycles
0021,D8M3-30,PLL,0x0099486c,0x06c,0x0000005d,0x000000ff,PLL_DEC_START,Decimation start (93)
0022,D8M3-30,PLL,0x00994870,0x070,0x000000f0,0x000000ff,PLL_DIV_FRAC_START1,Frac start byte 0 (0x740f0)
0023,D8M3-30,PLL,0x00994874,0x074,0x00000040,0x000000ff,PLL_DIV_FRAC_START2,Frac start byte 1 (0x740f0)
0024,D8M3-30,PLL,0x00994878,0x078,0x00000007,0x000000ff,PLL_DIV_FRAC_START3,Frac start byte 2 (0x740f0)
0025,D8M3-30,PLL,0x0099487c,0x07c,0x00000033,0x000000ff,PLL_VCO_DIV_REF1,VCO divider ref 1
0026,D8M3-30,PLL,0x00994880,0x080,0x00000003,0x000000ff,PLL_VCO_DIV_REF2,VCO divider ref 2
0027,D8M3-30,PLL,0x00994884,0x084,0x0000000b,0x000000ff,PLL_CP_SET,Charge pump current
0028,D8M3-30,PLL,0x00994888,0x088,0x0000001f,0x000000ff,PLL_LPF_RES1,Loop filter resistor 1
0029,D8M3-30,PLL,0x00994890,0x090,0x00000000,0x000000ff,PLL_LPF_CAP1,Loop filter capacitor 1
0030,D8M3-30,PLL,0x00994894,0x094,0x00000030,0x000000ff,PLL_LPF_CAP2,Loop filter capacitor 2
0031,D8M3-30,PLL,0x00994898,0x098,0x00000000,0x000000ff,PLL_BIST_MODE_LANES,Disable BIST mode
0032,D8M3-30,PLL,0x0099489c,0x09c,0x00000002,0x000000ff,PLL_RESETSM_CNTRL4,Reset SM control 4
0033,D8M3-30,PLL,0x009948a0,0x0a0,0x00000000,0x000000ff,PLL_RESETSM_CNTRL5,Reset SM control 5
0034,D8M3-30,PLL,0x009948a4,0x0a4,0x00000000,0x000000ff,PLL_KVCO_COUNT1,Kvco count 1
0035,D8M3-30,PLL,0x009948a8,0x0a8,0x00000000,0x000000ff,PLL_KVCO_COUNT2,Kvco count 2
0036,D8M3-30,PLL,0x009948ac,0x0ac,0x00000014,0x000000ff,PLL_CAL_CFG0,Calibration config 0
0037,D8M3-30,PLL,0x009948b4,0x0b4,0x00000000,0x000000ff,PLL_CAL_CFG1,Calibration config 1
0038,D8M3-30,PLL,0x009948b8,0x0b8,0x00000000,0x000000ff,PLL_CAL_CFG2,Calibration config 2
0039,D8M3-30,PLL,0x009948bc,0x0bc,0x00000000,0x000000ff,PLL_CAL_CFG3,Calibration config 3
0040,D8M3-30,PLL,0x009948c0,0x0c0,0x00000000,0x000000ff,PLL_CAL_CFG4,Calibration config 4
0041,D8M3-30,PLL,0x009948c4,0x0c4,0x00000000,0x000000ff,PLL_CAL_CFG5,Calibration config 5
0042,D8M3-30,PLL,0x009948e8,0x0e8,0x00000000,0x000000ff,PLL_CAL_CFG6,Calibration config 6
0043,D8M3-30,PLL,0x009948f0,0x0f0,0x00000000,0x000000ff,PLL_CAL_CFG7,Calibration config 7
0044,D8M3-30,PLL,0x009948f4,0x0f4,0x00000000,0x000000ff,PLL_CAL_CFG8,Calibration config 8
0045,D8M3-30,PLL,0x009948f8,0x0f8,0x00000000,0x000000ff,PLL_CAL_CFG9,Calibration config 9
0046,D8M3-30,PLL,0x009948fc,0x0fc,0x00000000,0x000000ff,PLL_CAL_CFG10,Calibration config 10
0047,D8M3-30,PLL,0x00994900,0x100,0x00000000,0x000000ff,PLL_CAL_CFG11,Calibration config 11
0048,D8M3-30,PLL,0x00994904,0x104,0x00000020,0x000000ff,PLL_EFUSE_1,Efuse config 1
0049,D8M3-30,PHY,0x00994410,0x010,0x0000001e,0x000000ff,PHY_CMN_CTRL_0,PHY common control 0
0050,D8M3-30,PHY,0x00994414,0x014,0x00000000,0x000000ff,PHY_CMN_CTRL_1,PHY common control 1
0051,D8M3-30,PHY,0x0099441c,0x01c,0x00000000,0x000000ff,PHY_CMN_CTRL_2,PHY common control 2
0052,D8M3-30,PHY,0x00994420,0x020,0x00000000,0x000000ff,PHY_CMN_CTRL_3,PHY common control 3
0053,D8M3-40,PLL,0x0099485c,0x05c,0x00000010,0x000000ff,PLL_CMN_CONFIG,Common PLL output buffer enable
0054,D8M3-40,PHY,0x00994448,0x048,0x00000001,0x000000ff,PHY_CMN_CLK_CFG0,PLL clock generation kick
0055,D8M3-70,MMCC,0x008c2124,0x124,0x00000200,0x00000700,BYTE0_CFG_RCGR,Select DSI0 PLL Byte Mux
0056,D8M3-70,MMCC,0x008c2120,0x120,0x00000001,0x00000001,BYTE0_CMD_RCGR,Trigger Byte0 update
0057,D8M3-70,MMCC,0x008c233c,0x33c,0x00000001,0x00000001,BYTE0_CBCR,Enable mdss_byte0_clk
0058,D8M3-80,MMCC,0x008c2004,0x004,0x00000200,0x00000700,PCLK0_CFG_RCGR,Select DSI0 PLL Pixel Mux
0059,D8M3-80,MMCC,0x008c2000,0x000,0x00000001,0x00000001,PCLK0_CMD_RCGR,Trigger Pclk0 update
0060,D8M3-80,MMCC,0x008c2314,0x314,0x00000001,0x00000001,PCLK0_CBCR,Enable mdss_pclk0_clk
0061,D8M3-90,MMCC,0x008c2164,0x164,0x00000000,0x00000700,ESC0_CFG_RCGR,Select XO as Esc0 source
0062,D8M3-90,MMCC,0x008c2160,0x160,0x00000001,0x00000001,ESC0_CMD_RCGR,Trigger Esc0 update
0063,D8M3-90,MMCC,0x008c2344,0x344,0x00000001,0x00000001,ESC0_CBCR,Enable mdss_esc0_clk
0064,D8M3-B0,PHY,0x00994440,0x040,0x000006ff,0x0000ffff,DL0_STRENGTH_CTRL,Data lane 0 drive strength
0065,D8M3-B0,PHY,0x009944c0,0x0c0,0x000006ff,0x0000ffff,DL1_STRENGTH_CTRL,Data lane 1 drive strength
0066,D8M3-B0,PHY,0x00994540,0x140,0x000006ff,0x0000ffff,DL2_STRENGTH_CTRL,Data lane 2 drive strength
0067,D8M3-B0,PHY,0x009945c0,0x1c0,0x000006ff,0x0000ffff,DL3_STRENGTH_CTRL,Data lane 3 drive strength
0068,D8M3-B0,PHY,0x00994640,0x240,0x000000ff,0x0000ffff,CLK_STRENGTH_CTRL,Clock lane drive strength
